fold,n_train,n_val,n_pos_train,n_pos_val,auroc,auprc,top5_precision,model
0,117,30,48,12,0.875,0.8633385133385133,1.0,multivariate_all
1,117,30,48,12,0.8194444444444444,0.7715095029239767,1.0,multivariate_all
2,118,29,48,12,0.8872549019607843,0.8823467983684702,1.0,multivariate_all
3,118,29,48,12,0.696078431372549,0.6562403007975259,1.0,multivariate_all
4,118,29,48,12,0.661764705882353,0.6590163009648304,1.0,multivariate_all
0,117,30,48,12,0.8425925925925926,0.8031337875087876,1.0,multivariate_dnase_only
1,117,30,48,12,0.7546296296296295,0.7219967532467533,1.0,multivariate_dnase_only
2,118,29,48,12,0.892156862745098,0.8864676774893495,1.0,multivariate_dnase_only
3,118,29,48,12,0.6862745098039216,0.6533481456846062,1.0,multivariate_dnase_only
4,118,29,48,12,0.7058823529411765,0.6760228129713425,1.0,multivariate_dnase_only
dnase_frac_5bp,5,0.7356753812636165,0.07115458070000108,0.694472060380142,0.08257638482799068,1.0,0.0,per_feature_logreg
dnase_concentration_5bp,5,0.7356753812636165,0.07115458070000108,0.694472060380142,0.08257638482799068,1.0,0.0,per_feature_logreg
dnase_frac_15bp,5,0.6636710239651415,0.07056309902380996,0.6196087533481733,0.056187882321392844,1.0,0.0,per_feature_logreg
dnase_magnitude,5,0.6893790849673203,0.06739557307818499,0.5772212177370846,0.07548724269339104,0.4,0.37416573867739417,per_feature_logreg
dnase_max_value,5,0.6798474945533769,0.0414750960831135,0.5447138725997085,0.05579044532626874,0.1,0.20000000000000004,per_feature_logreg
splice_magnitude,5,0.6111928104575164,0.02510763280016773,0.505658709106985,0.03503016257104115,1.0,0.0,per_feature_logreg
splice_max_value,5,0.5896241830065361,0.04473634201035188,0.4998154463671705,0.037864864833858584,1.0,0.0,per_feature_logreg
atac_max_value,5,0.5633714596949891,0.04501985713668447,0.47880257673361115,0.03071711009796763,0.8,0.2449489742783178,per_feature_logreg
splice_frac_15bp,5,0.5479575163398692,0.05045792906804007,0.4707615351868225,0.04232851594400492,0.8,0.4,per_feature_logreg
atac_magnitude,5,0.5458333333333334,0.04918843476439679,0.4698116687484504,0.042947407369828425,0.8,0.4000000000000001,per_feature_logreg
splice_frac_5bp,5,0.510375816993464,0.050994792251485656,0.4516508544669463,0.027145494002941067,0.7,0.4,per_feature_logreg
splice_concentration_5bp,5,0.510375816993464,0.050994792251485656,0.4516508544669463,0.027145494002941067,0.7,0.4,per_feature_logreg
atac_frac_15bp,5,0.4708333333333333,0.05965708427947976,0.42619245271544115,0.030812343678799398,0.5,0.4472135954999579,per_feature_logreg
atac_frac_5bp,5,0.4973583877995643,0.0695693694581652,0.42356858658582797,0.045240326948707686,0.5,0.4472135954999579,per_feature_logreg
atac_concentration_5bp,5,0.4855936819172113,0.07301626396641399,0.4183567007704939,0.0475104157131842,0.5,0.4472135954999579,per_feature_logreg
dnase_frac_5bp,0.7356753812636165,0.07115458070000108,0.694472060380142,0.08257638482799068,per_feature_raw
dnase_concentration_5bp,0.7356753812636165,0.07115458070000108,0.694472060380142,0.08257638482799068,per_feature_raw
dnase_frac_15bp,0.6636710239651415,0.07056309902380996,0.6196087533481733,0.056187882321392844,per_feature_raw
dnase_magnitude,0.6893790849673203,0.06739557307818499,0.5772212177370846,0.07548724269339104,per_feature_raw
dnase_max_value,0.6798474945533769,0.0414750960831135,0.5447138725997085,0.05579044532626874,per_feature_raw
splice_magnitude,0.6111928104575164,0.02510763280016773,0.505658709106985,0.03503016257104115,per_feature_raw
splice_max_value,0.5896241830065361,0.04473634201035188,0.4998154463671705,0.037864864833858584,per_feature_raw
atac_max_value,0.5633714596949891,0.04501985713668447,0.47880257673361115,0.03071711009796763,per_feature_raw
splice_frac_15bp,0.5479575163398692,0.05045792906804007,0.4707615351868225,0.04232851594400492,per_feature_raw
atac_magnitude,0.5458333333333334,0.04918843476439679,0.4698116687484504,0.042947407369828425,per_feature_raw
splice_frac_5bp,0.510375816993464,0.050994792251485656,0.4516508544669463,0.027145494002941067,per_feature_raw
splice_concentration_5bp,0.510375816993464,0.050994792251485656,0.4516508544669463,0.027145494002941067,per_feature_raw
atac_frac_15bp,0.5198529411764706,0.06336815348277865,0.448554142749545,0.03920128516735786,per_feature_raw
atac_frac_5bp,0.5091230936819172,0.07386261548297957,0.44310881647088546,0.05649724898416734,per_feature_raw
atac_concentration_5bp,0.5091230936819172,0.07386261548297957,0.44310881647088546,0.05649724898416734,per_feature_raw
0,30,12,1.0,1.0,1.0,splice_sites_baseline
1,30,12,1.0,1.0,1.0,splice_sites_baseline
2,29,12,1.0,1.0,1.0,splice_sites_baseline
3,29,12,1.0,1.0,1.0,splice_sites_baseline
4,29,12,1.0,0.9999999999999999,1.0,splice_sites_baseline
0,0.5416666666666667,0.5620401589151589,1.0,random_baseline
1,0.47685185185185186,0.4659822458799808,0.5,random_baseline
2,0.5490196078431373,0.4407429419136075,0.0,random_baseline
3,0.5588235294117647,0.5797428997141642,1.0,random_baseline
4,0.4509803921568627,0.3897070290820291,0.0,random_baseline
