total,fraction_within_5bp,fraction_within_15bp,concentration_5bp,max_position_relative_to_variant,max_value,variant_label,chrom,pos,ref,alt,rank,runtime_s,success
24.723878860473633,0.22357037663459778,0.8628774285316467,2.601546049118042,9,5.427242279052734,pathogenic,chr2,166054637,C,A,0,3.528036117553711,True
24.723880767822266,0.01702944003045559,0.6424302458763123,0.19816076755523682,-11,5.427242279052734,pathogenic,chr2,166054637,C,G,1,3.135615110397339,True
24.723880767822266,0.23670747876167297,0.8631592392921448,2.7544143199920654,9,5.427242279052734,pathogenic,chr2,166054637,C,T,2,3.270420789718628,True
25.270357131958008,0.030136549845337868,0.061601847410202026,0.35067984461784363,23,5.413791656494141,pathogenic,chr2,166054633,C,G,3,3.3636558055877686,True
78.68095397949219,0.21680715680122375,0.39007842540740967,2.5228469371795654,19,5.278176307678223,pathogenic,chr2,166047769,C,G,4,3.184138059616089,True
25.74079704284668,0.020866073668003082,0.053794410079717636,0.24280521273612976,31,5.392307281494141,pathogenic,chr2,166054635,T,G,5,3.1333911418914795,True
38.350067138671875,0.02732997015118599,0.5561672449111938,0.3180214762687683,8,5.233076572418213,pathogenic,chr2,166013900,T,C,6,3.12272572517395,True
38.350067138671875,0.042173631489276886,0.5563709735870361,0.49074769020080566,-12,5.233076572418213,pathogenic,chr2,166013900,T,A,7,3.1468069553375244,True
21.385177612304688,0.7838433980941772,0.8204036951065063,9.121087074279785,-1,5.02678108215332,pathogenic,chr2,166015605,A,C,8,3.141512870788574,True
62.84609603881836,0.4861994981765747,0.5631017684936523,5.657594203948975,0,5.05072021484375,pathogenic,chr2,166047626,C,A,9,3.813075065612793,True
18.37361717224121,0.09849739074707031,0.1571848839521408,1.1461515426635742,20,2.9841880798339844,benign,chr2,166073346,A,G,0,3.0012800693511963,True
4.351724624633789,0.10799642652273178,0.2570411264896393,1.2566856145858765,1,0.12890625,benign,chr2,166002201,A,T,1,3.1905601024627686,True
17.408355712890625,0.0478229857981205,0.7452957034111023,0.556485652923584,-10,4.346885681152344,benign,chr2,165999711,A,G,2,3.10532808303833,True
3.904597282409668,0.07967401295900345,0.2192714959383011,0.927115797996521,-19,0.2261199951171875,benign,chr2,166041739,T,C,3,3.138345956802368,True
4.570425987243652,0.08797858655452728,0.22194962203502655,1.0237507820129395,43,0.2286376953125,benign,chr2,166039251,A,G,4,3.212033987045288,True
15.854146957397461,0.022611936554312706,0.14776864647865295,0.26312071084976196,17,3.02655029296875,benign,chr2,166042283,G,T,5,3.2152371406555176,True
19.461881637573242,0.32219240069389343,0.3658859431743622,3.749147891998291,16,4.862710475921631,benign,chr2,166015589,T,G,6,3.0548081398010254,True
3.4745616912841797,0.08459924906492233,0.22970320284366608,0.9844276905059814,-17,0.062071651220321655,benign,chr2,165994670,C,T,7,3.1653099060058594,True
4.839565753936768,0.09189831465482712,0.24465122818946838,1.0693621635437012,-32,0.060546875,benign,chr2,166036655,C,A,8,3.124243974685669,True
20.565309524536133,0.21363317966461182,0.27809464931488037,2.4859135150909424,-50,4.250613212585449,benign,chr2,166036550,T,G,9,3.123546838760376,True
