splice_only_rank,rsid,chrom,pos,ref,alt,molecular_consequence,SPLICE_SITES_score,SPLICE_SITE_USAGE_score,SPLICE_JUNCTIONS_score,DNASE_score,combined_score,clndn,review_status,gnomad_present,gnomad_genome_af,gnomad_exome_af,gnomad_status,pubmed_precomputed,pubmed_live_query,mechanistic_hypothesis
4,1412774,2,166047773,A,C,intron_variant,1.53759765625,135.40586853027344,952.7568359375,24.83184051513672,0.7781707460127767,Early-infantile_DEE,criteria_provided,False,,,absent from gnomAD,0.0,0,"Deep intronic variant in central pore/transmembrane region. Not annotated as a canonical splice site, but the high SPLICE_SITES score suggests it may create or strengthen a cryptic splice site, activate a poison exon, or disrupt an intronic splicing enhancer/silencer (ISE/ISS)."
1,851265,2,166047622,C,A,intron_variant,1.71533203125,140.3272247314453,2616.03173828125,-15.013059616088867,0.6362238538990682,Migraine,criteria_provided,False,,,absent from gnomAD,0.0,0,"Deep intronic variant in central pore/transmembrane region. Not annotated as a canonical splice site, but the high SPLICE_SITES score suggests it may create or strengthen a cryptic splice site, activate a poison exon, or disrupt an intronic splicing enhancer/silencer (ISE/ISS)."
3,393000,2,166047622,C,G,intron_variant,1.61285400390625,140.31607055664062,2319.71142578125,-8.278484344482422,0.6140576837905496,"Complex_neurodevelopmental_disorder,Early-infantile_DEE,not_provided",reviewed_by_expert_panel,False,,,absent from gnomAD,0.0,0,"Deep intronic variant in central pore/transmembrane region. Not annotated as a canonical splice site, but the high SPLICE_SITES score suggests it may create or strengthen a cryptic splice site, activate a poison exon, or disrupt an intronic splicing enhancer/silencer (ISE/ISS)."
18,408938,2,166046767,T,G,intron_variant,0.973876953125,137.38156127929688,1408.5341796875,41.78374481201172,0.5275357809583074,Early-infantile_DEE,criteria_provided,False,,,absent from gnomAD,0.0,0,"Deep intronic variant in central pore/transmembrane region. Not annotated as a canonical splice site, but the high SPLICE_SITES score suggests it may create or strengthen a cryptic splice site, activate a poison exon, or disrupt an intronic splicing enhancer/silencer (ISE/ISS)."
7,2746317,2,166013901,G,T,intron_variant,1.494140625,113.63909912109376,1820.18505859375,-10.23560905456543,0.5258769415975345,Early-infantile_DEE,criteria_provided,False,,,absent from gnomAD,0.0,0,"Deep intronic variant in early/mid coding region. Not annotated as a canonical splice site, but the high SPLICE_SITES score suggests it may create or strengthen a cryptic splice site, activate a poison exon, or disrupt an intronic splicing enhancer/silencer (ISE/ISS)."
20,1038247,2,166042328,T,C,missense_variant,0.9698715209960938,164.64556884765625,1225.078125,25.949453353881836,0.4235668931676942,Developmental_and_epileptic_encephalopathy,criteria_provided,False,,,absent from gnomAD,,0,Coding missense variant in central pore/transmembrane region. The high splice score on a coding substitution suggests a dual-mechanism candidate — both amino-acid-changing AND splicing-disrupting. ClnVar's canonical consequence (missense) captures only the coding effect; the splicing effect is invisible without AlphaGenome and would be missed by minigene assays that test only the canonical transcript.
11,3726776,2,166015607,C,T,missense_variant,1.279296875,101.8597412109375,1260.58544921875,-14.890766143798828,0.3591602079589737,Early-infantile_DEE,criteria_provided,False,,,absent from gnomAD,0.0,0,Coding missense variant in early/mid coding region. The high splice score on a coding substitution suggests a dual-mechanism candidate — both amino-acid-changing AND splicing-disrupting. ClnVar's canonical consequence (missense) captures only the coding effect; the splicing effect is invisible without AlphaGenome and would be missed by minigene assays that test only the canonical transcript.
15,2684360,2,165998038,C,G,missense_variant,1.07421875,66.89058685302734,843.958984375,-0.0760413855314254,0.3233683109093316,not_provided,criteria_provided,False,,,absent from gnomAD,0.0,0,Coding missense variant in 5' SCN1A region. The high splice score on a coding substitution suggests a dual-mechanism candidate — both amino-acid-changing AND splicing-disrupting. ClnVar's canonical consequence (missense) captures only the coding effect; the splicing effect is invisible without AlphaGenome and would be missed by minigene assays that test only the canonical transcript.
23,4855006,2,166058573,T,C,missense_variant,0.939453125,136.51028442382812,1137.3095703125,1.8412654399871824,0.2497741118487681,Severe_myoclonic_epilepsy_in_infancy,criteria_provided,False,,,absent from gnomAD,,0,Coding missense variant in central pore/transmembrane region. The high splice score on a coding substitution suggests a dual-mechanism candidate — both amino-acid-changing AND splicing-disrupting. ClnVar's canonical consequence (missense) captures only the coding effect; the splicing effect is invisible without AlphaGenome and would be missed by minigene assays that test only the canonical transcript.
26,461265,2,166013794,A,T,missense_variant,0.9306640625,83.49591064453125,958.51904296875,0.1677059829235077,0.2334546833458404,"not_provided,Early-infantile_DEE",criteria_provided,False,,,absent from gnomAD,,0,Coding missense variant in early/mid coding region. The high splice score on a coding substitution suggests a dual-mechanism candidate — both amino-acid-changing AND splicing-disrupting. ClnVar's canonical consequence (missense) captures only the coding effect; the splicing effect is invisible without AlphaGenome and would be missed by minigene assays that test only the canonical transcript.
5,1046194,2,166013744,C,T,non-coding_transcript_variant,1.521240234375,108.05499267578124,1934.90625,-9.99724578857422,0.5446718289356727,Early-infantile_DEE,criteria_provided,False,,,absent from gnomAD,0.0,0,"Annotated as non-coding transcript variant in early/mid coding region. Likely affects a non-coding RNA isoform (e.g., SCN1A-AS1 antisense, retained intron, or processed pseudogene) OR a deep intronic regulatory position. High combined score suggests it may drive alternative splicing, disrupt a regulatory element, or perturb antisense-mediated regulation."
13,934879,2,166013744,C,G,non-coding_transcript_variant,1.140625,92.02932739257812,1613.1484375,3.0121588706970215,0.3854627043720191,Early-infantile_DEE,criteria_provided,False,,,absent from gnomAD,0.0,0,"Annotated as non-coding transcript variant in early/mid coding region. Likely affects a non-coding RNA isoform (e.g., SCN1A-AS1 antisense, retained intron, or processed pseudogene) OR a deep intronic regulatory position. High combined score suggests it may drive alternative splicing, disrupt a regulatory element, or perturb antisense-mediated regulation."
24,2015486,2,165994240,T,A,non-coding_transcript_variant,0.9335836172103882,108.50267791748048,1473.36083984375,9.249066352844238,0.2934799913806034,Early-infantile_DEE,criteria_provided,False,,,absent from gnomAD,,0,"Annotated as non-coding transcript variant in 5' SCN1A region. Likely affects a non-coding RNA isoform (e.g., SCN1A-AS1 antisense, retained intron, or processed pseudogene) OR a deep intronic regulatory position. High combined score suggests it may drive alternative splicing, disrupt a regulatory element, or perturb antisense-mediated regulation."
